Model,Image,Category,Engine Type
CHEVROLET Equinox,https://s1.cdn.autoevolution.com/images/models/thumb/CHEVROLET_Equinox-2024_main.jpg_tmb.jpg,SUVS,Gasoline · Diesel · Electric
CHEVROLET Corvette ZR1,https://s1.cdn.autoevolution.com/images/models/thumb/CHEVROLET_ZR1-2024_main.jpg_tmb.jpg,COUPES,Gasoline
CHEVROLET TrailBlazer,https://s1.cdn.autoevolution.com/images/models/thumb/CHEVROLET_Trailblazer-2023_main.jpg_tmb.jpg,SUVS,Gasoline · Diesel
CHEVROLET Silverado,https://s1.cdn.autoevolution.com/images/models/thumb/CHEVROLET_Silverado-EV-2023_main.jpg_tmb.jpg,TRUCKS,Gasoline · Natural gas · Diesel · Electric
CHEVROLET Suburban,https://s1.cdn.autoevolution.com/images/models/thumb/CHEVROLET_Suburban-2023_main.jpg_tmb.jpg,SUVS,Gasoline · Natural gas · Diesel
CHEVROLET Tahoe,https://s1.cdn.autoevolution.com/images/models/thumb/CHEVROLET_Tahoe-2023_main.jpg_tmb.jpg,SUVS,Gasoline · Diesel · Ethanol · Hybrid gasoline
CHEVROLET Blazer,https://s1.cdn.autoevolution.com/images/models/thumb/CHEVROLET_Blazer-2022_main.jpg_tmb.jpg,SUVS,Gasoline · Electric
CHEVROLET Bolt,https://s1.cdn.autoevolution.com/images/models/thumb/CHEVROLET_Bolt-EUV-2021_main.jpg_tmb.jpg,HATCHBACKS,Electric
CHEVROLET Traverse,https://s1.cdn.autoevolution.com/images/models/thumb/CHEVROLET_Traverse-2020_main.jpg_tmb.jpg,SUVS,Gasoline
CHEVROLET Trax,https://s1.cdn.autoevolution.com/images/models/thumb/CHEVROLET_Trax-2022_main.jpg_tmb.jpg,HATCHBACKS,Gasoline · Diesel
CHEVROLET Corvette Coupe,https://s1.cdn.autoevolution.com/images/models/thumb/CHEVROLET_Corvette-E-Ray-2023_main.jpg_tmb.jpg,COUPES,Gasoline · Hybrid gasoline
CHEVROLET Cruze,https://s1.cdn.autoevolution.com/images/models/thumb/CHEVROLET_Cruze-2018_main.jpg_tmb.jpg,SEDANS,Gasoline · Diesel
CHEVROLET Cruze - 5 doors,https://s1.cdn.autoevolution.com/images/models/thumb/CHEVROLET_Cruze-Hatchback-2018_main.jpg_tmb.jpg,HATCHBACKS,Gasoline · Diesel
CHEVROLET Malibu,https://s1.cdn.autoevolution.com/images/models/thumb/CHEVROLET_Malibu-2018_main.jpg_tmb.jpg,SEDANS,Gasoline · Hybrid · Ethanol · Hybrid gasoline
CHEVROLET Matiz / Spark,https://s1.cdn.autoevolution.com/images/models/thumb/CHEVROLET_Spark-2018_main.jpg_tmb.jpg,HATCHBACKS,Gasoline · Diesel
CHEVROLET Sonic Sedan,https://s1.cdn.autoevolution.com/images/models/thumb/CHEVROLET_Sonic-2016_main.jpg_tmb.jpg,SEDANS,Diesel · Gasoline
CHEVROLET Corvette Z06,https://s1.cdn.autoevolution.com/images/models/thumb/CHEVROLET_Corvette-Z06-2021_main.jpg_tmb.jpg,COUPES,Gasoline
CHEVROLET Silverado 2500HD,https://s1.cdn.autoevolution.com/images/models/thumb/CHEVROLET_Silverado-HD-ZR2-2023_main.jpg_tmb.jpg,TRUCKS,Gasoline · Diesel
CHEVROLET Corvette Convertible,https://s1.cdn.autoevolution.com/images/models/thumb/CHEVROLET_Corvette-E-Ray-Convertible-2023_main.jpg_tmb.jpg,CONVERTIBLES,Gasoline · Hybrid gasoline
CHEVROLET Colorado Extended Cab,https://s1.cdn.autoevolution.com/images/models/thumb/CHEVROLET_Colorado-Extended-Cab-2015_main.jpg_tmb.jpg,TRUCKS,Gasoline
CHEVROLET Impala,https://s1.cdn.autoevolution.com/images/models/thumb/CHEVROLET_Impala-2012_main.jpg_tmb.jpg,SEDANS,Gasoline · Hybrid gasoline · Natural gas
CHEVROLET Colorado Double Cab,https://s1.cdn.autoevolution.com/images/models/thumb/CHEVROLET_Colorado-ZR2-Bison-2023_main.jpg_tmb.jpg,TRUCKS,Gasoline · Diesel
CHEVROLET Captiva,https://s1.cdn.autoevolution.com/images/models/thumb/CHEVROLET_Captiva-2011_main.jpg_tmb.jpg,SUVS,Diesel · Gasoline
CHEVROLET Cobalt Sedan,https://s1.cdn.autoevolution.com/images/models/thumb/CHEVROLET_Cobalt-2012_main.jpg_tmb.jpg,SEDANS,Gasoline · Diesel
CHEVROLET Express,https://s1.cdn.autoevolution.com/images/models/thumb/CHEVROLET_Express-2008_main.jpg_tmb.jpg,VANS,Gasoline · Diesel · Hybrid
CHEVROLET Tracker,https://s1.cdn.autoevolution.com/images/models/thumb/CHEVROLET_Tracker-2013_main.jpg_tmb.jpg,SUVS,Gasoline
CHEVROLET Corvette Z06 Convertible,https://s1.cdn.autoevolution.com/images/models/thumb/CHEVROLET_Corvette-Z06-Convertible-2014_main.jpg_tmb.jpg,CONVERTIBLES,Gasoline
CHEVROLET Prisma,https://s1.cdn.autoevolution.com/images/models/thumb/CHEVROLET_Prisma-2006_main.jpg_tmb.jpg,SEDANS,Gasoline
CHEVROLET Spin,https://s1.cdn.autoevolution.com/images/models/thumb/CHEVROLET_Spin-2012_main.png_tmb.png,VANS,Gasoline · Diesel · Ethanol
CHEVROLET Sonic RS,https://s1.cdn.autoevolution.com/images/models/thumb/CHEVROLET_Sonic-RS-2012_main.jpg_tmb.jpg,HATCHBACKS,Gasoline
CHEVROLET Onix,https://s1.cdn.autoevolution.com/images/models/thumb/CHEVROLET_Onix-2012_main.jpg_tmb.jpg,HATCHBACKS,Gasoline · Ethanol
CHEVROLET Corvette ZR1 Convertible,https://s1.cdn.autoevolution.com/images/models/thumb/CHEVROLET_ZR1-Convertible-2024_main.jpg_tmb.jpg,CONVERTIBLES,
CHEVROLET Cruze Wagon,https://s1.cdn.autoevolution.com/images/models/thumb/CHEVROLET_Cruze-Wagon-2012_main.jpg_tmb.jpg,WAGONS,Gasoline · Diesel
CHEVROLET Corvette E-Ray,https://s1.cdn.autoevolution.com/images/models/thumb/CHEVROLET_Corvette-E-Ray-2023_main.jpg_tmb.jpg,COUPES,
CHEVROLET Agile,https://s1.cdn.autoevolution.com/images/models/thumb/CHEVROLET_Agile-2013_main.jpg_tmb.jpg,HATCHBACKS,Gasoline · Ethanol
CHEVROLET Astro,https://s1.cdn.autoevolution.com/images/models/thumb/CHEVROLET_Astro-1994_main.jpg_tmb.jpg,VANS,Gasoline
CHEVROLET Avalanche,https://s1.cdn.autoevolution.com/images/models/thumb/CHEVROLET_Avanlanche-SUT-2006_main.jpg_tmb.jpg,SUVS,Gasoline · Ethanol
CHEVROLET Aveo / Kalos 3 Doors,https://s1.cdn.autoevolution.com/images/models/thumb/CHEVROLET_Aveo-Kalos-3-Doors-2008_main.jpg_tmb.jpg,HATCHBACKS,Gasoline
CHEVROLET Aveo / Kalos 5 Doors,https://s1.cdn.autoevolution.com/images/models/thumb/CHEVROLET_Aveo-Kalos-5-Doors-2008_main.jpg_tmb.jpg,HATCHBACKS,Gasoline
CHEVROLET Aveo / Kalos Sedan,https://s1.cdn.autoevolution.com/images/models/thumb/CHEVROLET_Aveo-Sedan-2011_main.jpg_tmb.jpg,SEDANS,Gasoline · Diesel
CHEVROLET Camaro,https://s1.cdn.autoevolution.com/images/models/thumb/CHEVROLET_Camaro-ZL1-2018_main.jpg_tmb.jpg,COUPES,Gasoline
CHEVROLET Camaro Convertible,https://s1.cdn.autoevolution.com/images/models/thumb/CHEVROLET_Camaro-Convertible-2018_main.jpg_tmb.jpg,CONVERTIBLES,Gasoline
CHEVROLET Cavalier,https://s1.cdn.autoevolution.com/images/models/thumb/CHEVROLET_Cavalier-Coupe-2003_main.jpg_tmb.jpg,COUPES,Gasoline
CHEVROLET Celta,https://s1.cdn.autoevolution.com/images/models/thumb/CHEVROLET_Celta-2000_main.jpg_tmb.jpg,HATCHBACKS,Gasoline
CHEVROLET Chevelle,https://s1.cdn.autoevolution.com/images/models/thumb/CHEVROLET_Chevelle-Super-Sport-1969_main.jpg_tmb.jpg,COUPES,Gasoline
CHEVROLET Classic,https://s1.cdn.autoevolution.com/images/models/thumb/CHEVROLET_Classic-2002_main.jpg_tmb.jpg,SEDANS,Ethanol · Gasoline
CHEVROLET Cobalt Coupe,https://s1.cdn.autoevolution.com/images/models/thumb/CHEVROLET_Cobalt-Coupe-2008_main.jpg_tmb.jpg,COUPES,Gasoline
CHEVROLET Colorado Regular Cab,https://s1.cdn.autoevolution.com/images/models/thumb/CHEVROLET_Colorado-Regular-Cab-2009_main.jpg_tmb.jpg,TRUCKS,Gasoline
CHEVROLET Epica,https://s1.cdn.autoevolution.com/images/models/thumb/CHEVROLET_Epica-2006_main.jpg_tmb.jpg,SEDANS,Gasoline
CHEVROLET Evanda,https://s1.cdn.autoevolution.com/images/models/thumb/CHEVROLET_Evanda-2005_main.jpg_tmb.jpg,SEDANS,Gasoline
CHEVROLET HHR,https://s1.cdn.autoevolution.com/images/models/thumb/CHEVROLET_HHR-SS-2007_main.jpg_tmb.jpg,VANS,Gasoline · Natural gas
CHEVROLET Impala Convertible,https://s1.cdn.autoevolution.com/images/models/thumb/CHEVROLET_Impala-Convertible-1959_main.jpg_tmb.jpg,CONVERTIBLES,Gasoline
CHEVROLET Impala Coupe,https://s1.cdn.autoevolution.com/images/models/thumb/CHEVROLET_Impala-Super-Sport-Coupe-1966_main.jpg_tmb.jpg,COUPES,Gasoline
CHEVROLET Malibu Maxx,https://s1.cdn.autoevolution.com/images/models/thumb/CHEVROLET_Malibu-Maxx-SS-2006_main.jpg_tmb.jpg,WAGONS,Gasoline
CHEVROLET Monte Carlo,https://s1.cdn.autoevolution.com/images/models/thumb/CHEVROLET_Monte-Carlo-2005_main.jpg_tmb.jpg,COUPES,Gasoline
CHEVROLET Nomad,https://s1.cdn.autoevolution.com/images/models/thumb/CHEVROLET_Nomad-1957_main.jpg_tmb.jpg,WAGONS,Gasoline
CHEVROLET Nubira / Lacetti,https://s1.cdn.autoevolution.com/images/models/thumb/CHEVROLET_Nubira-Lacetti-5-door-2004_main.jpg_tmb.jpg,SEDANS,Gasoline · Diesel
CHEVROLET Orlando,https://s1.cdn.autoevolution.com/images/models/thumb/CHEVROLET_Chevrolet-Orlando-2010_main.jpg_tmb.jpg,WAGONS,Gasoline · Diesel
CHEVROLET S-10,https://s1.cdn.autoevolution.com/images/models/thumb/CHEVROLET_S-10-Crew-Cab-2000_main.jpg_tmb.jpg,TRUCKS,Gasoline
CHEVROLET Silverado 3500HD,https://s1.cdn.autoevolution.com/images/models/thumb/CHEVROLET_Silverado-3500HD-Regular-Cab-2008_main.jpg_tmb.jpg,TRUCKS,Gasoline · Diesel
CHEVROLET Silverado Hybrid,https://s1.cdn.autoevolution.com/images/models/thumb/CHEVROLET_Silverado-Hybrid-2008_main.jpg_tmb.jpg,TRUCKS,Hybrid
CHEVROLET Sonic Hatchback,https://s1.cdn.autoevolution.com/images/models/thumb/CHEVROLET_Sonic-Hatchback-5-Doors-2011_main.jpg_tmb.jpg,HATCHBACKS,Gasoline
CHEVROLET Spark EV,https://s1.cdn.autoevolution.com/images/models/thumb/CHEVROLET_Spark-EV-2013_main.jpg_tmb.jpg,HATCHBACKS,Electric
CHEVROLET SS,https://s1.cdn.autoevolution.com/images/models/thumb/CHEVROLET_SS--2016_main.jpg_tmb.jpg,SEDANS,Gasoline
CHEVROLET SSR,https://s1.cdn.autoevolution.com/images/models/thumb/CHEVROLET_SSR-2003_main.jpg_tmb.jpg,TRUCKS,Gasoline
CHEVROLET Tacuma,https://s1.cdn.autoevolution.com/images/models/thumb/CHEVROLET_Tacuma-Rezzo-2004_main.jpg_tmb.jpg,VANS,Gasoline
CHEVROLET Uplander,https://s1.cdn.autoevolution.com/images/models/thumb/CHEVROLET_Uplander-2004_main.jpg_tmb.jpg,VANS,Gasoline · Hybrid
CHEVROLET Venture,https://s1.cdn.autoevolution.com/images/models/thumb/CHEVROLET_Venture-1996_main.jpg_tmb.jpg,VANS,Gasoline
CHEVROLET Volt,https://s1.cdn.autoevolution.com/images/models/thumb/CHEVROLET_Volt-2016_main.jpg_tmb.jpg,,Electric · Hybrid
